loss,val_loss,lr
0.8457650542259216,0.7528930902481079,0.001
0.8243545889854431,0.7318254709243774,0.001
0.8023640513420105,0.7111409306526184,0.001
0.7810970544815063,0.6903955340385437,0.001
0.7600072026252747,0.6698282957077026,0.001
0.739072859287262,0.6495416164398193,0.001
0.7186680436134338,0.6297104954719543,0.001
0.6986082792282104,0.610235869884491,0.001
0.6793314218521118,0.5916838049888611,0.001
0.660869300365448,0.5738282799720764,0.001
0.6431597471237183,0.5566861629486084,0.001
0.6259966492652893,0.5404702425003052,0.001
0.6098567247390747,0.5250992178916931,0.001
0.5945824980735779,0.5104491710662842,0.001
0.5799902677536011,0.49659040570259094,0.001
0.5665974020957947,0.4835800230503082,0.001
0.5540369153022766,0.47132015228271484,0.001
0.5419707894325256,0.46021768450737,0.001
0.5309340953826904,0.450145423412323,0.001
0.5210225582122803,0.44087690114974976,0.001
0.5117794275283813,0.4323435127735138,0.001
0.5033571124076843,0.42416223883628845,0.001
0.49542489647865295,0.4169315993785858,0.001
0.48811689019203186,0.410468190908432,0.001
0.48190170526504517,0.40448978543281555,0.001
0.4758339524269104,0.39903146028518677,0.001
0.47044146060943604,0.39418408274650574,0.001
0.46577373147010803,0.38967955112457275,0.001
0.4612997770309448,0.38578709959983826,0.001
0.4572446644306183,0.3824620842933655,0.001
0.453958123922348,0.37942230701446533,0.001
0.45086073875427246,0.37678828835487366,0.001
0.4480990171432495,0.3744492530822754,0.001
0.4457119405269623,0.3724212348461151,0.001
0.44351914525032043,0.37054678797721863,0.001
0.44164472818374634,0.36889153718948364,0.001
0.4399203658103943,0.3675091564655304,0.001
0.4383962154388428,0.36622461676597595,0.001
0.4370754361152649,0.36506980657577515,0.001
0.4358638823032379,0.3641189634799957,0.001
0.4348171055316925,0.36341774463653564,0.001
0.43384701013565063,0.36267533898353577,0.001
0.43302300572395325,0.3619959354400635,0.001
0.43227875232696533,0.36130744218826294,0.001
0.43154779076576233,0.36077287793159485,0.001
0.4309246838092804,0.36028164625167847,0.001
0.4303690493106842,0.35988256335258484,0.001
0.4298439919948578,0.35949453711509705,0.001
0.4293728470802307,0.35916218161582947,0.001
0.4289427399635315,0.3588882386684418,0.001
0.42852726578712463,0.3585794270038605,0.001
0.42818373441696167,0.3583555221557617,0.001
0.4278316795825958,0.358096182346344,0.001
0.427519828081131,0.357837975025177,0.001
0.42720088362693787,0.3576812446117401,0.001
0.4268869459629059,0.35751035809516907,0.001
0.42662081122398376,0.3573117256164551,0.001
0.4263544976711273,0.35706400871276855,0.001
0.4261128604412079,0.35687702894210815,0.001
0.42588186264038086,0.3566358983516693,0.001
0.4256173074245453,0.3564819395542145,0.001
0.42538028955459595,0.3562827706336975,0.001
0.4251335561275482,0.35608723759651184,0.001
0.42497068643569946,0.3559541404247284,0.001
0.42473670840263367,0.3557674288749695,0.001
0.42453238368034363,0.35562801361083984,0.001
0.42430469393730164,0.3554190695285797,0.001
0.4240620732307434,0.3551878333091736,0.001
0.42388656735420227,0.3549276292324066,0.001
0.4236980080604553,0.35480791330337524,0.001
0.42345088720321655,0.35466909408569336,0.001
0.4232523441314697,0.35456448793411255,0.001
0.4230786859989166,0.3544357120990753,0.001
0.4228600859642029,0.3541891276836395,0.001
0.42267853021621704,0.353997141122818,0.001
0.422442764043808,0.3538399040699005,0.001
0.42226865887641907,0.3537296950817108,0.001
0.4220503270626068,0.35357606410980225,0.001
0.4218696653842926,0.35345029830932617,0.001
0.4216713309288025,0.35329487919807434,0.001
0.4214566946029663,0.3530617654323578,0.001
0.42130643129348755,0.3528740108013153,0.001
0.4210713803768158,0.35278254747390747,0.001
0.42087695002555847,0.3526802361011505,0.001
0.4207005500793457,0.3525474965572357,0.001
0.42049700021743774,0.3523276448249817,0.001
0.42034009099006653,0.3521203100681305,0.001
0.42010802030563354,0.35196453332901,0.001
0.42000865936279297,0.3517535626888275,0.001
0.4197419285774231,0.3515961170196533,0.001
0.4195571839809418,0.3514764904975891,0.001
0.4193303883075714,0.35131582617759705,0.001
0.41913461685180664,0.3511894643306732,0.001
0.418943852186203,0.3510712683200836,0.001
0.4187648594379425,0.3508358597755432,0.001
0.41856902837753296,0.3506515920162201,0.001
0.4183463752269745,0.3504175543785095,0.001
0.4181325435638428,0.35019922256469727,0.001
0.4179556369781494,0.35005614161491394,0.001
0.41775327920913696,0.34983882308006287,0.001
0.4175347089767456,0.34969213604927063,0.001
0.41734635829925537,0.34944766759872437,0.001
0.4171335995197296,0.34931448101997375,0.001
0.41691073775291443,0.3491983413696289,0.001
0.416741281747818,0.34903857111930847,0.001
0.4165025055408478,0.3488091230392456,0.001
0.41631436347961426,0.3486599922180176,0.001
0.41608574986457825,0.34837254881858826,0.001
0.4158770442008972,0.3481598198413849,0.001
0.4156458377838135,0.3479878306388855,0.001
0.41544654965400696,0.34792643785476685,0.001
0.4152311682701111,0.34775304794311523,0.001
0.4150661826133728,0.34754374623298645,0.001
0.4147967994213104,0.34722843766212463,0.001
0.41458043456077576,0.3469797670841217,0.001
0.4144168496131897,0.3466934263706207,0.001
0.4141331911087036,0.3465573191642761,0.001
0.4138612151145935,0.3464561998844147,0.001
0.41373875737190247,0.34627991914749146,0.001
0.4134748876094818,0.34590229392051697,0.001
0.413183331489563,0.34565412998199463,0.001
0.4129383862018585,0.3454444110393524,0.001
0.4127374589443207,0.3452628254890442,0.001
0.4125341475009918,0.345019668340683,0.001
0.4122834801673889,0.34489303827285767,0.001
0.41205665469169617,0.3447330594062805,0.001
0.41177910566329956,0.34444737434387207,0.001
0.4115893840789795,0.34411951899528503,0.001
0.41132408380508423,0.34391316771507263,0.001
0.4111548662185669,0.3437633216381073,0.001
0.41081681847572327,0.3435177505016327,0.001
0.4106065034866333,0.3433336913585663,0.001
0.41033658385276794,0.34304681420326233,0.001
0.4099825322628021,0.34274351596832275,0.001
0.40995657444000244,0.34252822399139404,0.001
0.4097226560115814,0.3423251211643219,0.001
0.40934497117996216,0.3421700596809387,0.001
0.4090777039527893,0.34213492274284363,0.001
0.40886589884757996,0.3419099748134613,0.001
0.4086419343948364,0.34165817499160767,0.001
0.4083990156650543,0.34137651324272156,0.001
0.4081130921840668,0.3410625159740448,0.001
0.40782055258750916,0.3408038318157196,0.001
0.40758028626441956,0.34055590629577637,0.001
0.4073474109172821,0.3403153419494629,0.001
0.4071216881275177,0.340135782957077,0.001
0.40688496828079224,0.33991214632987976,0.001
0.4067702889442444,0.3396506607532501,0.001
0.4063745141029358,0.3394106924533844,0.001
0.4060719907283783,0.3392147123813629,0.001
0.4058203101158142,0.33899298310279846,0.001
0.4055204391479492,0.33875036239624023,0.001
0.4052587151527405,0.3385619819164276,0.001
0.40500408411026,0.3382648825645447,0.001
0.4047258496284485,0.3380480706691742,0.001
0.4044535458087921,0.33777934312820435,0.001
0.4041690230369568,0.3375902771949768,0.001
0.40392816066741943,0.3374786376953125,0.001
0.4037097096443176,0.3372211754322052,0.001
0.4034125804901123,0.3368634283542633,0.001
0.4031413197517395,0.3365703225135803,0.001
0.4029126763343811,0.3363776206970215,0.001
0.402645081281662,0.3361225724220276,0.001
0.402374804019928,0.33591267466545105,0.001
0.40202024579048157,0.3356959819793701,0.001
0.4017276167869568,0.3354758620262146,0.001
0.4014815390110016,0.3351907432079315,0.001
0.4011756181716919,0.3348977267742157,0.001
0.4009067118167877,0.33461055159568787,0.001
0.40066683292388916,0.33432796597480774,0.001
0.40030136704444885,0.3340701162815094,0.001
0.400050550699234,0.3337884843349457,0.001
0.39983996748924255,0.3334697484970093,0.001
0.3995175361633301,0.3332344591617584,0.001
0.39934417605400085,0.3331053555011749,0.001
0.399023175239563,0.33279192447662354,0.001
0.39865097403526306,0.3325998783111572,0.001
0.3983643352985382,0.3324389159679413,0.001
0.39808306097984314,0.3322232663631439,0.001
0.3977901041507721,0.33194300532341003,0.001
0.3975260853767395,0.3316805362701416,0.001
0.39726361632347107,0.3314284384250641,0.001
0.396969735622406,0.3312676250934601,0.001
0.39669129252433777,0.33105042576789856,0.001
0.396463006734848,0.3307667374610901,0.001
0.39615675806999207,0.33067795634269714,0.001
0.39597728848457336,0.33056557178497314,0.001
0.395639032125473,0.3302437663078308,0.001
0.39532560110092163,0.3299553394317627,0.001
0.395024836063385,0.32955971360206604,0.001
0.3947616219520569,0.3292659521102905,0.001
0.3944711685180664,0.32907649874687195,0.001
0.39418262243270874,0.32883408665657043,0.001
0.3939041793346405,0.3285306990146637,0.001
0.3936399817466736,0.3282514810562134,0.001
0.39336833357810974,0.3280652165412903,0.001
0.39309635758399963,0.3279432952404022,0.001
0.3931049108505249,0.3276103138923645,0.001
0.3924892842769623,0.32749590277671814,0.001
0.3922778367996216,0.3273039758205414,0.001
0.3920170068740845,0.32701000571250916,0.001
0.39175093173980713,0.32674407958984375,0.001
0.3917611539363861,0.3265235126018524,0.001
0.391269713640213,0.3264293074607849,0.001
0.3909698724746704,0.32637277245521545,0.001
0.39075687527656555,0.3263196051120758,0.001
0.39046338200569153,0.3258657157421112,0.001
0.39033910632133484,0.3255584239959717,0.001
0.3899177014827728,0.3254145383834839,0.001
0.38968145847320557,0.325287401676178,0.001
0.38942116498947144,0.3250720202922821,0.001
0.3891330361366272,0.324823260307312,0.001
0.3889061212539673,0.32459911704063416,0.001
0.38867369294166565,0.32446610927581787,0.001
0.38841986656188965,0.3242996037006378,0.001
0.3881712853908539,0.32406213879585266,0.001
0.3878787159919739,0.3239184021949768,0.001
0.3877658247947693,0.3238012194633484,0.001
0.3873997926712036,0.32343789935112,0.001
0.38716185092926025,0.32323959469795227,0.001
0.3869127035140991,0.3230798542499542,0.001
0.38667964935302734,0.3229973316192627,0.001
0.3865494430065155,0.32298406958580017,0.001
0.38623446226119995,0.3227194845676422,0.001
0.3859860897064209,0.32247504591941833,0.001
0.3857724070549011,0.32230058312416077,0.001
0.38548821210861206,0.3221513628959656,0.001
0.3852706551551819,0.3219107687473297,0.001
0.3850763738155365,0.3217752277851105,0.001
0.3848567605018616,0.3215620219707489,0.001
0.38462722301483154,0.32135260105133057,0.001
0.38436830043792725,0.32117268443107605,0.001
0.3841518461704254,0.321155846118927,0.001
0.38393768668174744,0.32103317975997925,0.001
0.3836950957775116,0.32085469365119934,0.001
0.38351601362228394,0.3204769790172577,0.001
0.38327252864837646,0.32029345631599426,0.001
0.3829944431781769,0.32020318508148193,0.001
0.38285529613494873,0.32014331221580505,0.001
0.3826158940792084,0.3200722932815552,0.001
0.38243725895881653,0.31972214579582214,0.001
0.38214877247810364,0.31949156522750854,0.001
0.38195690512657166,0.31939494609832764,0.001
0.3817458152770996,0.3191957175731659,0.001
0.3815177381038666,0.31907832622528076,0.001
0.38135114312171936,0.3189658224582672,0.001
0.38108357787132263,0.31886184215545654,0.001
0.3809029459953308,0.31872686743736267,0.001
0.3807724714279175,0.3184199631214142,0.001
0.38045835494995117,0.3182687759399414,0.001
0.3802472651004791,0.31822094321250916,0.001
0.38003823161125183,0.31821852922439575,0.001
0.37985512614250183,0.3180273175239563,0.001
0.37962859869003296,0.31779739260673523,0.001
0.3795005679130554,0.31763753294944763,0.001
0.37928202748298645,0.31753119826316833,0.001
0.3790779113769531,0.317351371049881,0.001
0.378883421421051,0.3172084391117096,0.001
0.3786759376525879,0.31707116961479187,0.001
0.37843403220176697,0.3169770836830139,0.001
0.3782883286476135,0.3168603181838989,0.001
0.3781392276287079,0.31677332520484924,0.001
0.3779127299785614,0.31658226251602173,0.001
0.377737432718277,0.31648772954940796,0.001
0.3774948716163635,0.3164411187171936,0.001
0.37743011116981506,0.31631162762641907,0.001
0.37716367840766907,0.3159874975681305,0.001
0.376934677362442,0.31572580337524414,0.001
0.3767409324645996,0.31557589769363403,0.001
0.376629114151001,0.31546688079833984,0.001
0.37636980414390564,0.3153725266456604,0.001
0.3761846721172333,0.31527483463287354,0.001
0.3760259449481964,0.31519925594329834,0.001
0.3758853077888489,0.31524431705474854,0.001
0.3757023811340332,0.31506380438804626,0.001
0.37550702691078186,0.31484198570251465,0.001
0.37531745433807373,0.3147326707839966,0.001
0.37509456276893616,0.314568430185318,0.001
0.3749537765979767,0.3144233226776123,0.001
0.37476542592048645,0.314386785030365,0.001
0.37460601329803467,0.3142678439617157,0.001
0.37439343333244324,0.31408730149269104,0.001
0.3742031753063202,0.3139578700065613,0.001
0.37413090467453003,0.3140081763267517,0.001
0.3739275634288788,0.3138083219528198,0.001
0.3737333416938782,0.3136320412158966,0.001
0.3735508918762207,0.31339341402053833,0.001
0.3735130727291107,0.3132938742637634,0.001
0.37327978014945984,0.31322741508483887,0.001
0.37304648756980896,0.31323903799057007,0.001
0.37293487787246704,0.3132055103778839,0.001
0.3727227747440338,0.3129901885986328,0.001
0.37249836325645447,0.31283584237098694,0.001
0.37245380878448486,0.3126702904701233,0.001
0.37221208214759827,0.3126561939716339,0.001
0.37203189730644226,0.3124469816684723,0.001
0.371823787689209,0.31226545572280884,0.001
0.3716922700405121,0.31214621663093567,0.001
0.3715674579143524,0.31201210618019104,0.001
0.3713690936565399,0.31203538179397583,0.001
0.3711775839328766,0.3120177984237671,0.001
0.37102651596069336,0.3120376169681549,0.001
0.37100499868392944,0.3120114505290985,0.001
0.3707902729511261,0.3117821216583252,0.001
0.3705361485481262,0.3116132915019989,0.001
0.3703547716140747,0.31139636039733887,0.001
0.3701963424682617,0.311257541179657,0.001
0.370061457157135,0.3111862242221832,0.001
0.36990827322006226,0.3111082911491394,0.001
0.36972776055336,0.31099146604537964,0.001
0.36952242255210876,0.3108978569507599,0.001
0.3693758547306061,0.31082865595817566,0.001
0.3693307340145111,0.31063413619995117,0.001
0.36922526359558105,0.31069645285606384,0.001
0.36896494030952454,0.3103718161582947,0.001
0.3687276542186737,0.31019261479377747,0.001
0.36857426166534424,0.3100754916667938,0.001
0.3684408664703369,0.31002455949783325,0.001
0.36828890442848206,0.310027539730072,0.001
0.3680811822414398,0.30998313426971436,0.001
0.36800530552864075,0.30993711948394775,0.001
0.3677303194999695,0.3096396327018738,0.001
0.36764976382255554,0.30952152609825134,0.001
0.3675580322742462,0.309372216463089,0.001
0.3673171103000641,0.30929553508758545,0.001
0.367145836353302,0.30922022461891174,0.001
0.3670378029346466,0.30904480814933777,0.001
0.36698976159095764,0.30905815958976746,0.001
0.3667276203632355,0.30893802642822266,0.001
0.3665487468242645,0.30882224440574646,0.001
0.366364449262619,0.3087890148162842,0.001
0.366245299577713,0.3087427020072937,0.001
0.3660973012447357,0.3087369203567505,0.001
0.3660268485546112,0.3085837662220001,0.001
0.36579418182373047,0.3084148168563843,0.001
0.3656214475631714,0.30835193395614624,0.001
0.36548709869384766,0.30825570225715637,0.001
0.3653434216976166,0.30803918838500977,0.001
0.36516574025154114,0.30792000889778137,0.001
0.36500638723373413,0.3077610433101654,0.001
0.3648799657821655,0.30772748589515686,0.001
0.3647347092628479,0.30763205885887146,0.001
0.36458516120910645,0.3075914978981018,0.001
0.3644852042198181,0.30742549896240234,0.001
0.3642670810222626,0.30737850069999695,0.001
0.364131897687912,0.30727583169937134,0.001
0.3639611005783081,0.3071156442165375,0.001
0.36385661363601685,0.30697503685951233,0.001
0.36367395520210266,0.306954562664032,0.001
0.3635271191596985,0.3068575859069824,0.001
0.3633486330509186,0.3066958785057068,0.001
0.36314231157302856,0.30660027265548706,0.001
0.3630163371562958,0.30656853318214417,0.001
0.3628748953342438,0.30641624331474304,0.001
0.3627241253852844,0.30636289715766907,0.001
0.36263492703437805,0.3062920570373535,0.001
0.362540066242218,0.306336373090744,0.001
0.3623274862766266,0.3062603771686554,0.001
0.36216551065444946,0.3061128258705139,0.001
0.36202749609947205,0.3059791922569275,0.001
0.3618829548358917,0.30593058466911316,0.001
0.3617287278175354,0.3059459626674652,0.001
0.3615795075893402,0.3058319389820099,0.001
0.3614164888858795,0.3057044446468353,0.001
0.36123669147491455,0.3055570125579834,0.001
0.3611936867237091,0.3053531050682068,0.001
0.36093246936798096,0.3054022192955017,0.001
0.36075514554977417,0.3053240478038788,0.001
0.3606669008731842,0.3051426112651825,0.001
0.3605578541755676,0.30495911836624146,0.001
0.36035916209220886,0.30493542551994324,0.001
0.360226035118103,0.3047987222671509,0.001
0.36003291606903076,0.30475369095802307,0.001
0.35990938544273376,0.30470162630081177,0.001
0.3599005937576294,0.30474257469177246,0.001
0.3596724271774292,0.30451080203056335,0.001
0.35962069034576416,0.3042839467525482,0.001
0.35932019352912903,0.3042498528957367,0.001
0.35926753282546997,0.30425000190734863,0.001
0.35902076959609985,0.3040660321712494,0.001
0.3588749170303345,0.3039476275444031,0.001
0.3587762415409088,0.3038776218891144,0.001
0.35864898562431335,0.3038365840911865,0.001
0.35849595069885254,0.30383598804473877,0.001
0.3583633005619049,0.3035086691379547,0.001
0.3581535816192627,0.3034311532974243,0.001
0.35796135663986206,0.30347639322280884,0.001
0.35785430669784546,0.3033970296382904,0.001
0.35765576362609863,0.30337804555892944,0.001
0.3575269281864166,0.30329230427742004,0.001
0.3574466407299042,0.3031562566757202,0.001
0.35729941725730896,0.3032032549381256,0.001
0.35704755783081055,0.3030751645565033,0.001
0.3569388687610626,0.3029545247554779,0.001
0.3567792773246765,0.30282914638519287,0.001
0.3566461503505707,0.3027589023113251,0.001
0.35650038719177246,0.3026038706302643,0.001
0.35632753372192383,0.3024612367153168,0.001
0.3561953902244568,0.30235785245895386,0.001
0.35608798265457153,0.3024061620235443,0.001
0.35588544607162476,0.3023642599582672,0.001
0.35584527254104614,0.3023901879787445,0.001
0.3556150794029236,0.3020368814468384,0.001
0.3553946316242218,0.30192458629608154,0.001
0.35546258091926575,0.30178961157798767,0.001
0.3551409840583801,0.3015771806240082,0.001
0.35499098896980286,0.3015570044517517,0.001
0.35476985573768616,0.30147817730903625,0.001
0.35466545820236206,0.30143028497695923,0.001
0.3545452356338501,0.3014276325702667,0.001
0.3543757498264313,0.30135515332221985,0.001
0.3542751669883728,0.3013567328453064,0.001
0.3539593815803528,0.30134278535842896,0.001
0.3540395498275757,0.30129578709602356,0.001
0.35373449325561523,0.3008367717266083,0.001
0.3534699082374573,0.30067428946495056,0.001
0.35355234146118164,0.30059048533439636,0.001
0.35327959060668945,0.30049601197242737,0.001
0.3532108664512634,0.30058759450912476,0.001
0.35296866297721863,0.3007112443447113,0.001
0.3529047667980194,0.30071115493774414,0.001
0.3526550233364105,0.3004423975944519,0.001
0.352548211812973,0.3002859950065613,0.001
0.3523663580417633,0.30025219917297363,0.001
0.35222211480140686,0.30010560154914856,0.001
0.35194849967956543,0.3000491261482239,0.001
0.3517957627773285,0.29999619722366333,0.001
0.35165491700172424,0.29992491006851196,0.001
0.3515101373195648,0.2998032569885254,0.001
0.35132724046707153,0.2997264266014099,0.001
0.35125094652175903,0.29957252740859985,0.001
0.35104045271873474,0.2993849813938141,0.001
0.3509068191051483,0.2992512285709381,0.001
0.3507016599178314,0.29913216829299927,0.001
0.3506675958633423,0.2990102767944336,0.001
0.3504299521446228,0.29896289110183716,0.001
0.35022202134132385,0.29902416467666626,0.001
0.35000720620155334,0.29903605580329895,0.001
0.34987348318099976,0.2990579903125763,0.001
0.34992316365242004,0.29898497462272644,0.001
0.34959936141967773,0.298593133687973,0.001
0.34946537017822266,0.2984072268009186,0.001
0.34934186935424805,0.2983829975128174,0.001
0.34910330176353455,0.2983779013156891,0.001
0.3488892614841461,0.29826676845550537,0.001
0.34884950518608093,0.29829564690589905,0.001
0.34874507784843445,0.29801270365715027,0.001
0.3484298586845398,0.2978362739086151,0.001
0.3483867347240448,0.29771003127098083,0.001
0.3481583893299103,0.2976621091365814,0.001
0.34798696637153625,0.2975136637687683,0.001
0.34785667061805725,0.2973778247833252,0.001
0.3475801348686218,0.2971954047679901,0.001
0.3475910425186157,0.29727768898010254,0.001
0.34738922119140625,0.297201544046402,0.001
0.34715816378593445,0.29715171456336975,0.001
0.3469715416431427,0.2970535457134247,0.001
0.34677109122276306,0.2968267798423767,0.001
0.34669366478919983,0.2967302203178406,0.001
0.3464648127555847,0.29652297496795654,0.001
0.3462940454483032,0.29646435379981995,0.001
0.3461366593837738,0.2964814305305481,0.001
0.34592482447624207,0.296398401260376,0.001
0.3457637429237366,0.2962995767593384,0.001
0.3456183969974518,0.29624655842781067,0.001
0.3454173803329468,0.29628410935401917,0.001
0.34533634781837463,0.29638025164604187,0.001
0.34524980187416077,0.29638051986694336,0.001
0.34493744373321533,0.2960522472858429,0.001
0.34486454725265503,0.295899361371994,0.001
0.3447186350822449,0.29564204812049866,0.001
0.3444105386734009,0.29558810591697693,0.001
0.3442641794681549,0.29553109407424927,0.001
0.344067245721817,0.2953775227069855,0.001
0.3439261317253113,0.2951710820198059,0.001
0.34377139806747437,0.29509928822517395,0.001
0.343574196100235,0.295023649930954,0.001
0.34343692660331726,0.29489389061927795,0.001
0.3433331549167633,0.2947661578655243,0.001
0.3431338965892792,0.29469719529151917,0.001
0.342932790517807,0.29458317160606384,0.001
0.34275564551353455,0.2945655882358551,0.001
0.34256511926651,0.29449617862701416,0.001
0.34237486124038696,0.2943967282772064,0.001
0.3423560559749603,0.2944065034389496,0.001
0.34198516607284546,0.2942955791950226,0.001
0.342004656791687,0.2943308651447296,0.001
0.341763436794281,0.2939986288547516,0.001
0.3416159451007843,0.2939130365848541,0.001
0.34148216247558594,0.29385703802108765,0.001
0.3411310613155365,0.29364705085754395,0.001
0.3410228192806244,0.2935112416744232,0.001
0.34087270498275757,0.2935333549976349,0.001
0.3407450020313263,0.29347947239875793,0.001
0.34052035212516785,0.2934476435184479,0.001
0.3402973711490631,0.2933635115623474,0.001
0.3401947319507599,0.2933037579059601,0.001
0.33999165892601013,0.29310140013694763,0.001
0.3398071825504303,0.29297229647636414,0.001
0.3396470844745636,0.29290568828582764,0.001
0.3394275903701782,0.2927701473236084,0.001
0.3393251299858093,0.29260575771331787,0.001
0.33913370966911316,0.292438805103302,0.001
0.3389829993247986,0.2922903895378113,0.001
0.3388529121875763,0.2921585440635681,0.001
0.3386305570602417,0.29210492968559265,0.001
0.3384237587451935,0.2920890152454376,0.001
0.3382987082004547,0.29202523827552795,0.001
0.3381178379058838,0.2920738756656647,0.001
0.3379647731781006,0.29186737537384033,0.001
0.3378418982028961,0.29164502024650574,0.001
0.3376396894454956,0.2914522588253021,0.001
0.33748528361320496,0.291416198015213,0.001
0.33727726340293884,0.2913256883621216,0.001
0.3370910584926605,0.2912113666534424,0.001
0.3368986248970032,0.2910797595977783,0.001
0.3367864191532135,0.290963739156723,0.001
0.3365897536277771,0.29088348150253296,0.001
0.3364959955215454,0.2907908260822296,0.001
0.33622944355010986,0.2907615303993225,0.001
0.3360280990600586,0.29071784019470215,0.001
0.33592933416366577,0.2906656563282013,0.001
0.33572283387184143,0.2906416356563568,0.001
0.3355308175086975,0.29038742184638977,0.001
0.33543676137924194,0.2903174161911011,0.001
0.33523067831993103,0.29023677110671997,0.001
0.3352562487125397,0.2901017367839813,0.001
0.3350731432437897,0.28993237018585205,0.001
0.3346869647502899,0.2898815870285034,0.001
0.3346484303474426,0.28983843326568604,0.001
0.33441147208213806,0.2897317707538605,0.001
0.3341766893863678,0.2896884083747864,0.001
0.3340158462524414,0.28962549567222595,0.001
0.3338998854160309,0.2895830571651459,0.001
0.3336943984031677,0.2894349992275238,0.001
0.33350682258605957,0.28927338123321533,0.001
0.33334386348724365,0.28921449184417725,0.001
0.3331368863582611,0.28917238116264343,0.001
0.3330102562904358,0.28910815715789795,0.001
0.3329077661037445,0.2890833616256714,0.001
0.33280256390571594,0.28887006640434265,0.001
0.3325659930706024,0.2889375388622284,0.001
0.33237212896347046,0.28872808814048767,0.001
0.3322299122810364,0.28857532143592834,0.001
0.3320983946323395,0.2884952425956726,0.001
0.33186444640159607,0.2883080244064331,0.001
0.3316221237182617,0.28818196058273315,0.001
0.33181869983673096,0.2882290780544281,0.001
0.3313771188259125,0.2879778742790222,0.001
0.3311859369277954,0.2878555655479431,0.001
0.3309868574142456,0.2878073751926422,0.001
0.33081191778182983,0.28769639134407043,0.001
0.33065593242645264,0.2876036763191223,0.001
0.3304932117462158,0.28750860691070557,0.001
0.3304321765899658,0.28759339451789856,0.001
0.3302527666091919,0.28750985860824585,0.001
0.3300326466560364,0.2871812880039215,0.001
0.3298289477825165,0.2871410846710205,0.001
0.32973408699035645,0.2870390713214874,0.001
0.3295927345752716,0.2869030833244324,0.001
0.329399049282074,0.2868064343929291,0.001
0.3292542099952698,0.2868841290473938,0.001
0.32913461327552795,0.2867003083229065,0.001
0.3289303779602051,0.28655046224594116,0.001
0.32881537079811096,0.2865453064441681,0.001
0.3285317122936249,0.28643035888671875,0.001
0.32844167947769165,0.28624892234802246,0.001
0.3282151520252228,0.28624391555786133,0.001
0.32809674739837646,0.2860540449619293,0.001
0.3279387354850769,0.2859077453613281,0.001
0.3277793228626251,0.2858787178993225,0.001
0.3275863826274872,0.2857162654399872,0.001
0.3274206519126892,0.28558868169784546,0.001
0.32729223370552063,0.2854531705379486,0.001
0.3271346688270569,0.28543615341186523,0.001
0.3270260691642761,0.2853451669216156,0.001
0.32684439420700073,0.2853541374206543,0.001
0.3266569674015045,0.285300612449646,0.001
0.3265311121940613,0.28517788648605347,0.001
0.3263871967792511,0.2851385176181793,0.001
0.3262101113796234,0.2850192189216614,0.001
0.3262123465538025,0.2848096191883087,0.001
0.3259744346141815,0.2846592962741852,0.001
0.3257768750190735,0.2845757305622101,0.001
0.32561394572257996,0.28448233008384705,0.001
0.32544058561325073,0.28447532653808594,0.001
0.3252577483654022,0.28434374928474426,0.001
0.3251260221004486,0.2842806875705719,0.001
0.3249768316745758,0.28419649600982666,0.001
0.32480576634407043,0.2840576767921448,0.001
0.3246614634990692,0.2840084135532379,0.001
0.3244704008102417,0.28391456604003906,0.001
0.3243805468082428,0.2836461067199707,0.001
0.32428011298179626,0.28367751836776733,0.001
0.32400599122047424,0.2835051417350769,0.001
0.3238655626773834,0.2834013104438782,0.001
0.32371655106544495,0.2833719849586487,0.001
0.3235348165035248,0.2834073305130005,0.001
0.3234030604362488,0.2832253575325012,0.001
0.32326069474220276,0.28307297825813293,0.001
0.3231796622276306,0.2831064760684967,0.001
0.3229738175868988,0.28306856751441956,0.001
0.32281869649887085,0.2827970087528229,0.001
0.32263508439064026,0.2827913761138916,0.001
0.32255029678344727,0.28282564878463745,0.001
0.32227545976638794,0.28280699253082275,0.001
0.3223115801811218,0.28275927901268005,0.001
0.32218316197395325,0.2825238108634949,0.001
0.321969598531723,0.28236448764801025,0.001
0.3217643201351166,0.2821718156337738,0.001
0.321615070104599,0.28206050395965576,0.001
0.3214382231235504,0.2820458710193634,0.001
0.32125574350357056,0.2819616496562958,0.001
0.32110124826431274,0.2819323241710663,0.001
0.3210008442401886,0.2819370925426483,0.001
0.3208499550819397,0.2816919982433319,0.001
0.32068657875061035,0.2816162407398224,0.001
0.3205872178077698,0.2814713418483734,0.001
0.320349782705307,0.28134456276893616,0.001
0.32019689679145813,0.28126436471939087,0.001
0.32033562660217285,0.28106263279914856,0.001
0.319901704788208,0.2810578942298889,0.001
0.31972619891166687,0.28118035197257996,0.001
0.3197188973426819,0.2813994586467743,0.001
0.31959015130996704,0.2813553512096405,0.001
0.3193865120410919,0.2811315655708313,0.001
0.3191581070423126,0.2808983325958252,0.001
0.3190573453903198,0.2807253301143646,0.001
0.3188665807247162,0.2804730236530304,0.001
0.3187014162540436,0.2804138958454132,0.001
0.3185049295425415,0.2803228497505188,0.001
0.31841573119163513,0.2802208960056305,0.001
0.31830301880836487,0.27993011474609375,0.001
0.3181428611278534,0.2799264192581177,0.001
0.3179069459438324,0.27979812026023865,0.001
0.3177555203437805,0.27969563007354736,0.001
0.3176209330558777,0.27980276942253113,0.001
0.31752851605415344,0.27969974279403687,0.001
0.3173452913761139,0.2797134220600128,0.001
0.3172576427459717,0.2796443998813629,0.001
0.3170704245567322,0.2796192169189453,0.001
0.3169671297073364,0.2795041501522064,0.001
0.3168203830718994,0.279128760099411,0.001
0.31669700145721436,0.27907535433769226,0.001
0.3164783716201782,0.27887555956840515,0.001
0.31624075770378113,0.2788349986076355,0.001
0.31605350971221924,0.2787849009037018,0.001
0.3161393105983734,0.2787642478942871,0.001
0.315980464220047,0.2785801291465759,0.001
0.3157159090042114,0.2784879803657532,0.001
0.3156520128250122,0.278279572725296,0.001
0.31547480821609497,0.2783863842487335,0.001
0.3152678906917572,0.2782473862171173,0.001
0.3151252865791321,0.27811360359191895,0.001
0.31512781977653503,0.277933806180954,0.001
0.31477659940719604,0.27805978059768677,0.001
0.3147331476211548,0.2779402732849121,0.001
0.3145630359649658,0.2776792049407959,0.001
0.31438148021698,0.2773899435997009,0.001
0.3142954707145691,0.27738532423973083,0.001
0.31410160660743713,0.27733927965164185,0.001
0.31393754482269287,0.2771996557712555,0.001
0.3137926757335663,0.27719828486442566,0.001
0.31372639536857605,0.27727705240249634,0.001
0.31351548433303833,0.27711281180381775,0.001
0.31336134672164917,0.2767464816570282,0.001
0.31316065788269043,0.2764955163002014,0.001
0.31317996978759766,0.2762749195098877,0.001
0.31295105814933777,0.27629122138023376,0.001
0.3127264082431793,0.27627691626548767,0.001
0.31260278820991516,0.2762839198112488,0.001
0.3124598562717438,0.27611643075942993,0.001
0.3122735619544983,0.2758415639400482,0.001
0.3122241497039795,0.27556416392326355,0.001
0.3120114803314209,0.27534154057502747,0.001
0.31193026900291443,0.27522018551826477,0.001
0.3118140995502472,0.27511081099510193,0.001
0.31158557534217834,0.2751652002334595,0.001
0.3115651607513428,0.27538159489631653,0.001
0.31129777431488037,0.27483683824539185,0.001
0.3111051917076111,0.27465611696243286,0.001
0.31102249026298523,0.27452635765075684,0.001
0.3109157085418701,0.2743138074874878,0.001
0.31066352128982544,0.27410587668418884,0.001
0.3106469213962555,0.2741241157054901,0.001
0.3104662299156189,0.273870587348938,0.001
0.3102310597896576,0.27385959029197693,0.001
0.31005018949508667,0.2737487554550171,0.001
0.3099389374256134,0.27363696694374084,0.001
0.3097533881664276,0.27347660064697266,0.001
0.30955618619918823,0.2733527421951294,0.001
0.3094399571418762,0.27317070960998535,0.001
0.30936455726623535,0.2729397416114807,0.001
0.3091464936733246,0.2730395495891571,0.001
0.3090415596961975,0.2728457450866699,0.001
0.3088543117046356,0.27261292934417725,0.001
0.30888333916664124,0.27254220843315125,0.001
0.30856966972351074,0.2724015712738037,0.001
0.308443158864975,0.27210474014282227,0.001
0.30837321281433105,0.2719276547431946,0.001
0.30809304118156433,0.2717674672603607,0.001
0.30809590220451355,0.2720280885696411,0.001
0.3079474866390228,0.27169069647789,0.001
0.30772045254707336,0.271486759185791,0.001
0.30745136737823486,0.27112647891044617,0.001
0.30745652318000793,0.2709673345088959,0.001
0.30723512172698975,0.2710256576538086,0.001
0.3070852756500244,0.27103978395462036,0.001
0.3069661855697632,0.2708527743816376,0.001
0.3067248463630676,0.2707904875278473,0.001
0.30666404962539673,0.27053102850914,0.001
0.3065778613090515,0.27020564675331116,0.001
0.30629897117614746,0.2700721323490143,0.001
0.30634987354278564,0.270016074180603,0.001
0.30610391497612,0.26970019936561584,0.001
0.30593737959861755,0.26941099762916565,0.001
0.3062249720096588,0.2693193256855011,0.001
0.3057173192501068,0.2692776322364807,0.001
0.3054603338241577,0.2695043385028839,0.001
0.30542096495628357,0.2695040702819824,0.001
0.3053145110607147,0.2692834734916687,0.001
0.3052721917629242,0.2688348591327667,0.001
0.30484452843666077,0.2687562108039856,0.001
0.3047545552253723,0.26862290501594543,0.001
0.3046380281448364,0.2687263488769531,0.001
0.30463236570358276,0.268860787153244,0.001
0.3044669032096863,0.26850810647010803,0.001
0.3044722080230713,0.26790305972099304,0.001
0.3041321039199829,0.2677801847457886,0.001
0.30388325452804565,0.2678382098674774,0.001
0.303750216960907,0.26799139380455017,0.001
0.3036050796508789,0.2678229808807373,0.001
0.3035053014755249,0.2675141990184784,0.001
0.3035038709640503,0.2672314941883087,0.001
0.30343931913375854,0.2674901485443115,0.001
0.3029954433441162,0.26742225885391235,0.001
0.302839994430542,0.26714614033699036,0.001
0.302691787481308,0.2670537531375885,0.001
0.3025624752044678,0.2668755352497101,0.001
0.3024408221244812,0.26674050092697144,0.001
0.3024437427520752,0.2669225335121155,0.001
0.3022015392780304,0.26646116375923157,0.001
0.3019595146179199,0.26619741320610046,0.001
0.301780104637146,0.2658569812774658,0.001
0.3016952872276306,0.26566216349601746,0.001
0.3015308380126953,0.265726774930954,0.001
0.30141139030456543,0.2658533751964569,0.001
0.3012721538543701,0.2656266391277313,0.001
0.3011682629585266,0.26572415232658386,0.001
0.3010371923446655,0.2655409574508667,0.001
0.3008100092411041,0.26510536670684814,0.001
0.3006727397441864,0.26483240723609924,0.001
0.30058908462524414,0.26487764716148376,0.001
0.30033162236213684,0.2646298110485077,0.001
0.30027130246162415,0.26424863934516907,0.001
0.30008959770202637,0.2641487717628479,0.001
0.2998444736003876,0.26428553462028503,0.001
0.29984021186828613,0.26446181535720825,0.001
0.2996959984302521,0.2641764283180237,0.001
0.2994615137577057,0.2639061212539673,0.001
0.29944905638694763,0.2636575400829315,0.001
0.29966238141059875,0.2641530930995941,0.001
0.2990652322769165,0.26353275775909424,0.001
0.2990063726902008,0.26293420791625977,0.001
0.29879945516586304,0.26300719380378723,0.001
0.2985864579677582,0.2628830373287201,0.001
0.29840198159217834,0.26289811730384827,0.001
0.2983238697052002,0.26295503973960876,0.001
0.29817771911621094,0.2628260850906372,0.001
0.29800179600715637,0.2628304660320282,0.001
0.29787570238113403,0.2624099850654602,0.001
0.29757800698280334,0.26202934980392456,0.001
0.2974891662597656,0.2619509994983673,0.001
0.2974356710910797,0.26172935962677,0.001
0.29721930623054504,0.2616545557975769,0.001
0.2972087264060974,0.26153072714805603,0.001
0.2970579266548157,0.2612658441066742,0.001
0.2967223823070526,0.26116955280303955,0.001
0.2967093884944916,0.26117339730262756,0.001
0.29640626907348633,0.26096150279045105,0.001
0.2963486611843109,0.2606427073478699,0.001
0.2962713837623596,0.26074185967445374,0.001
0.2959803342819214,0.26089829206466675,0.001
0.29584968090057373,0.26071906089782715,0.001
0.295819491147995,0.2601839601993561,0.001
0.29557886719703674,0.26010480523109436,0.001
0.29531314969062805,0.26001009345054626,0.001
0.2952393591403961,0.25972387194633484,0.001
0.2950204908847809,0.2597461938858032,0.001
0.2948683500289917,0.25972872972488403,0.001
0.294715017080307,0.2598585784435272,0.001
0.2945626974105835,0.2597355544567108,0.001
0.2943311333656311,0.2593960762023926,0.001
0.2943345904350281,0.2591879069805145,0.001
0.294074147939682,0.2591573894023895,0.001
0.2939307391643524,0.2591513395309448,0.001
0.2937990427017212,0.25895825028419495,0.001
0.293699711561203,0.25848719477653503,0.001
0.29350364208221436,0.2584196925163269,0.001
0.2933262586593628,0.2584708333015442,0.001
0.2930825650691986,0.25815996527671814,0.001
0.2929801642894745,0.25807759165763855,0.001
0.292956680059433,0.2578950524330139,0.001
0.292651504278183,0.25791463255882263,0.001
0.2925426959991455,0.2581009268760681,0.001
0.2924327254295349,0.25780194997787476,0.001
0.2921604514122009,0.2572542130947113,0.001
0.29203227162361145,0.25700873136520386,0.001
0.29185447096824646,0.256853312253952,0.001
0.2916560173034668,0.25698184967041016,0.001
0.29147931933403015,0.25676941871643066,0.001
0.2913614809513092,0.2567905783653259,0.001
0.29125720262527466,0.25652018189430237,0.001
0.29100844264030457,0.25643861293792725,0.001
0.2908662259578705,0.2561507821083069,0.001
0.29065003991127014,0.2560332715511322,0.001
0.2904824912548065,0.25591981410980225,0.001
0.2903369069099426,0.2555200457572937,0.001
0.2902829349040985,0.25519436597824097,0.001
0.290120005607605,0.2552632987499237,0.001
0.2898167371749878,0.25533580780029297,0.001
0.2897329032421112,0.25507089495658875,0.001
0.2894647419452667,0.2549789845943451,0.001
0.2894211411476135,0.25525960326194763,0.001
0.2891588807106018,0.2549867033958435,0.001
0.2889361083507538,0.2544844448566437,0.001
0.2889493703842163,0.25416043400764465,0.001
0.2886021137237549,0.2543192505836487,0.001
0.2886297106742859,0.25465071201324463,0.001
0.28846630454063416,0.2540441155433655,0.001
0.28824400901794434,0.2542417049407959,0.001
0.2879543602466583,0.2541297674179077,0.001
0.28775444626808167,0.25362086296081543,0.001
0.28757044672966003,0.25342199206352234,0.001
0.2873941659927368,0.2533265948295593,0.001
0.2871871590614319,0.25330352783203125,0.001
0.28721150755882263,0.25346702337265015,0.001
0.2868982255458832,0.2527884840965271,0.001
0.2866964638233185,0.2523963153362274,0.001
0.28650736808776855,0.2523566782474518,0.001
0.28633394837379456,0.252431720495224,0.001
0.28623923659324646,0.2521345615386963,0.001
0.2860007882118225,0.252037912607193,0.001
0.28577277064323425,0.2518521845340729,0.001
0.28564006090164185,0.25151869654655457,0.001
0.2854331433773041,0.2512839436531067,0.001
0.2852467894554138,0.25110530853271484,0.001
0.2850697338581085,0.2508894205093384,0.001
0.2848992347717285,0.25081801414489746,0.001
0.28477591276168823,0.25063884258270264,0.001
0.28454455733299255,0.2504238486289978,0.001
0.28438785672187805,0.25046613812446594,0.001
0.28422388434410095,0.2503049075603485,0.001
0.2842825949192047,0.24958164989948273,0.001
0.2838194668292999,0.24956843256950378,0.001
0.28363358974456787,0.24961431324481964,0.001
0.2834678292274475,0.24948839843273163,0.001
0.2832469344139099,0.2491738498210907,0.001
0.28310349583625793,0.24882085621356964,0.001
0.2829854488372803,0.24872805178165436,0.001
0.2827844023704529,0.2487972527742386,0.001
0.2825123071670532,0.24879425764083862,0.001
0.28234127163887024,0.24859079718589783,0.001
0.28217244148254395,0.24819815158843994,0.001
0.28185781836509705,0.24831654131412506,0.001
0.2817278504371643,0.24828247725963593,0.001
0.28150925040245056,0.2479834109544754,0.001
0.2813289165496826,0.24789829552173615,0.001
0.28111010789871216,0.24755463004112244,0.001
0.28094178438186646,0.2474343180656433,0.001
0.2807333767414093,0.24713248014450073,0.001
0.2805187702178955,0.24699082970619202,0.001
0.2803901135921478,0.24700814485549927,0.001
0.2801840603351593,0.24687862396240234,0.001
0.28007829189300537,0.24641053378582,0.001
0.279787540435791,0.2465192675590515,0.001
0.27954739332199097,0.24638992547988892,0.001
0.2793610692024231,0.24591638147830963,0.001
0.2792033851146698,0.2458990067243576,0.001
0.2789648771286011,0.24539943039417267,0.001
0.2787463665008545,0.24507053196430206,0.001
0.2785417139530182,0.24513155221939087,0.001
0.27829137444496155,0.24491119384765625,0.001
0.2780987322330475,0.24461720883846283,0.001
0.277883380651474,0.24434812366962433,0.001
0.2775976061820984,0.24418996274471283,0.001
0.27739575505256653,0.2441720962524414,0.001
0.27723419666290283,0.24409066140651703,0.001
0.27698829770088196,0.24393360316753387,0.001
0.2768274247646332,0.24387003481388092,0.001
0.276620477437973,0.2436293363571167,0.001
0.27636033296585083,0.24357831478118896,0.001
0.276165246963501,0.2432965636253357,0.001
0.27595627307891846,0.2429034411907196,0.001
0.27571505308151245,0.2427322268486023,0.001
0.275493323802948,0.2424529790878296,0.001
0.27529096603393555,0.24247916042804718,0.001
0.27514904737472534,0.24247179925441742,0.001
0.2748264670372009,0.2417975813150406,0.001
0.27460336685180664,0.24163970351219177,0.001
0.27435117959976196,0.24133585393428802,0.001
0.27413269877433777,0.24108393490314484,0.001
0.27403101325035095,0.24130095541477203,0.001
0.2736687660217285,0.24089141190052032,0.001
0.27344441413879395,0.24057859182357788,0.001
0.27319371700286865,0.24021396040916443,0.001
0.2730269432067871,0.23994752764701843,0.001
0.27285313606262207,0.24016501009464264,0.001
0.2725604474544525,0.2398606836795807,0.001
0.2722712755203247,0.23948343098163605,0.001
0.2720637917518616,0.23918136954307556,0.001
0.2719337046146393,0.2393551766872406,0.001
0.2715606689453125,0.2389942705631256,0.001
0.2713606655597687,0.23893052339553833,0.001
0.27108699083328247,0.2387510985136032,0.001
0.2708514332771301,0.23822139203548431,0.001
0.2706036865711212,0.23807655274868011,0.001
0.27037832140922546,0.23773401975631714,0.001
0.27016183733940125,0.23735365271568298,0.001
0.2699021100997925,0.23746880888938904,0.001
0.2698303461074829,0.23721297085285187,0.001
0.26945486664772034,0.23643949627876282,0.001
0.269276887178421,0.23624667525291443,0.001
0.26898059248924255,0.2359471470117569,0.001
0.2687220275402069,0.2357674390077591,0.001
0.26854822039604187,0.23531991243362427,0.001
0.2682625651359558,0.2352004200220108,0.001
0.26798903942108154,0.23496705293655396,0.001
0.2677876651287079,0.23488743603229523,0.001
0.26758307218551636,0.23486922681331635,0.001
0.26737695932388306,0.23454812169075012,0.001
0.2671037018299103,0.2345220148563385,0.001
0.26685890555381775,0.23391732573509216,0.001
0.26671838760375977,0.2335461676120758,0.001
0.26634615659713745,0.23408743739128113,0.001
0.2661266624927521,0.23365136981010437,0.001
0.26587390899658203,0.2331801801919937,0.001
0.26562437415122986,0.23297147452831268,0.001
0.26535895466804504,0.23254919052124023,0.001
0.26507243514060974,0.23228777945041656,0.001
0.2648898661136627,0.23191308975219727,0.001
0.2646670341491699,0.23181483149528503,0.001
0.26436272263526917,0.2317628562450409,0.001
0.2640905976295471,0.23192518949508667,0.001
0.2640056312084198,0.2314763218164444,0.001
0.2637259364128113,0.23070748150348663,0.001
0.2635146677494049,0.23014624416828156,0.001
0.26324716210365295,0.23004890978336334,0.001
0.2629738748073578,0.23003171384334564,0.001
0.2626855671405792,0.22999069094657898,0.001
0.262445330619812,0.22971567511558533,0.001
0.2622433602809906,0.22959686815738678,0.001
0.2620352804660797,0.22949928045272827,0.001
0.26208505034446716,0.22877708077430725,0.001
0.2616766393184662,0.2287006676197052,0.001
0.261272668838501,0.2284967452287674,0.001
0.2610662579536438,0.2282494753599167,0.001
0.2607421278953552,0.22802236676216125,0.001
0.2606959939002991,0.22796465456485748,0.001
0.2603447735309601,0.22755807638168335,0.001
0.26013481616973877,0.22719061374664307,0.001
0.25986695289611816,0.22709301114082336,0.001
0.2596488296985626,0.22679471969604492,0.001
0.2594519853591919,0.2265605479478836,0.001
0.25924918055534363,0.22645977139472961,0.001
0.25898727774620056,0.2264152318239212,0.001
0.2587635815143585,0.22619755566120148,0.001
0.25850337743759155,0.22583319246768951,0.001
0.25837206840515137,0.22557929158210754,0.001
0.25811126828193665,0.22540684044361115,0.001
0.25788819789886475,0.225465327501297,0.001
0.2577303349971771,0.22528451681137085,0.001
0.2574850618839264,0.22475849092006683,0.001
0.25716397166252136,0.2241910994052887,0.001
0.2570057809352875,0.22394797205924988,0.001
0.25674280524253845,0.22381488978862762,0.001
0.25657570362091064,0.22406330704689026,0.001
0.2562805116176605,0.22369050979614258,0.001
0.25609010457992554,0.2235104739665985,0.001
0.25589025020599365,0.22328388690948486,0.001
0.2556636929512024,0.2231423556804657,0.001
0.25546661019325256,0.223064124584198,0.001
0.25531989336013794,0.2226833552122116,0.001
0.25513070821762085,0.22232632339000702,0.001
0.2548576295375824,0.22212712466716766,0.001
0.25466638803482056,0.22233368456363678,0.001
0.25438785552978516,0.2218906134366989,0.001
0.25419530272483826,0.22162172198295593,0.001
0.25405240058898926,0.22141194343566895,0.001
0.2538850009441376,0.22125577926635742,0.001
0.2536684274673462,0.22114445269107819,0.001
0.2534203827381134,0.2209557294845581,0.001
0.25318098068237305,0.2207162082195282,0.001
0.2530035078525543,0.2204490751028061,0.001
0.25276684761047363,0.2202260047197342,0.001
0.25260868668556213,0.22009679675102234,0.001
0.2523643374443054,0.21967577934265137,0.001
0.25216516852378845,0.2194022238254547,0.001
0.2519635260105133,0.2192312628030777,0.001
0.2517648935317993,0.21889959275722504,0.001
0.25172191858291626,0.2185300886631012,0.001
0.2514699697494507,0.21873125433921814,0.001
0.2512403726577759,0.21875250339508057,0.001
0.25093090534210205,0.21832852065563202,0.001
0.2507382333278656,0.21811412274837494,0.001
0.25059300661087036,0.2181713879108429,0.001
0.25038665533065796,0.21802403032779694,0.001
0.25024813413619995,0.21814899146556854,0.001
0.2500276267528534,0.21803325414657593,0.001
0.2498997449874878,0.2175387293100357,0.001
0.24958086013793945,0.21736691892147064,0.001
0.2493928074836731,0.21710342168807983,0.001
0.24939638376235962,0.21728633344173431,0.001
0.2490917593240738,0.2167583703994751,0.001
0.24879007041454315,0.2165372222661972,0.001
0.24857865273952484,0.21650895476341248,0.001
0.24848392605781555,0.2165289670228958,0.001
0.24825048446655273,0.21613548696041107,0.001
0.24801817536354065,0.21596740186214447,0.001
0.24783793091773987,0.21589262783527374,0.001
0.24770496785640717,0.2156345248222351,0.001
0.24743762612342834,0.21540972590446472,0.001
0.2472682148218155,0.21516874432563782,0.001
0.24707035720348358,0.21507783234119415,0.001
0.2468845248222351,0.21488766372203827,0.001
0.2467363178730011,0.21469153463840485,0.001
0.2465180903673172,0.2149738222360611,0.001
0.24635513126850128,0.2146913856267929,0.001
0.24623893201351166,0.21457961201667786,0.001
0.24594834446907043,0.2141493558883667,0.001
0.24577805399894714,0.21379485726356506,0.001
0.24556973576545715,0.21344202756881714,0.001
0.24536311626434326,0.21327835321426392,0.001
0.24523870646953583,0.2129620760679245,0.001
0.24515005946159363,0.2128295749425888,0.001
0.2448679506778717,0.21291755139827728,0.001
0.2447984218597412,0.21289819478988647,0.001
0.2445193976163864,0.21249380707740784,0.001
0.24433404207229614,0.21242961287498474,0.001
0.24415145814418793,0.21227554976940155,0.001
0.24400092661380768,0.2123080939054489,0.001
0.24377720057964325,0.21196496486663818,0.001
0.2435818761587143,0.21190613508224487,0.001
0.24340488016605377,0.21177498996257782,0.001
0.2432880997657776,0.21183757483959198,0.001
0.24311184883117676,0.21173638105392456,0.001
0.24293021857738495,0.21144908666610718,0.001
0.2427944540977478,0.2111993432044983,0.001
0.24255366623401642,0.2110505998134613,0.001
0.2424095869064331,0.2110270857810974,0.001
0.24224033951759338,0.2106841802597046,0.001
0.24209342896938324,0.21071119606494904,0.001
0.24186286330223083,0.21045121550559998,0.001
0.24169990420341492,0.2102746218442917,0.001
0.24157164990901947,0.20995467901229858,0.001
0.24155935645103455,0.21004925668239594,0.001
0.24126890301704407,0.209716334939003,0.001
0.2412044107913971,0.20959630608558655,0.001
0.24087658524513245,0.20926791429519653,0.001
0.2407170683145523,0.20912829041481018,0.001
0.2406458556652069,0.2093922197818756,0.001
0.24040459096431732,0.2093060463666916,0.001
0.24022477865219116,0.20917539298534393,0.001
0.24006107449531555,0.20929740369319916,0.001
0.2398999035358429,0.2092570662498474,0.001
0.23977139592170715,0.20913240313529968,0.001
0.23971819877624512,0.2085936814546585,0.001
0.2395011931657791,0.20839661359786987,0.001
0.23937714099884033,0.2082168608903885,0.001
0.2390996664762497,0.207855224609375,0.001
0.23896193504333496,0.20749804377555847,0.001
0.23882314562797546,0.2075589895248413,0.001
0.23866206407546997,0.2076634019613266,0.001
0.2384209930896759,0.20737701654434204,0.001
0.23825186491012573,0.2073344737291336,0.001
0.23813316226005554,0.20739135146141052,0.001
0.23805278539657593,0.20734868943691254,0.001
0.2378893345594406,0.2071901261806488,0.001
0.2376999408006668,0.207029327750206,0.001
0.23757977783679962,0.20730410516262054,0.001
0.23730622231960297,0.20693285763263702,0.001
0.23718155920505524,0.2064763605594635,0.001
0.23715776205062866,0.20637978613376617,0.001
0.23705053329467773,0.2064722329378128,0.001
0.23704226315021515,0.20596493780612946,0.001
0.23660849034786224,0.20597657561302185,0.001
0.2364777773618698,0.20597819983959198,0.001
0.23638328909873962,0.20599748194217682,0.001
0.23627564311027527,0.2059660404920578,0.001
0.23598948121070862,0.205475315451622,0.001
0.2359677404165268,0.20537345111370087,0.001
0.23576851189136505,0.20558249950408936,0.001
0.23563139140605927,0.205767422914505,0.001
0.23546910285949707,0.2052440047264099,0.001
0.23535749316215515,0.20494282245635986,0.001
0.23512732982635498,0.20493248105049133,0.001
0.23497898876667023,0.20505543053150177,0.001
0.23489701747894287,0.20509634912014008,0.001
0.23482204973697662,0.20498669147491455,0.001
0.23456554114818573,0.20459720492362976,0.001
0.23447328805923462,0.2044861763715744,0.001
0.23438337445259094,0.20442236959934235,0.001
0.23423151671886444,0.20431287586688995,0.001
0.234018012881279,0.20447736978530884,0.001
0.2341749668121338,0.2045636922121048,0.001
0.23401185870170593,0.20387713611125946,0.001
0.23364613950252533,0.2038901448249817,0.001
0.23350274562835693,0.2037961781024933,0.001
0.23337899148464203,0.20372682809829712,0.001
0.23334111273288727,0.2034018635749817,0.001
0.23333148658275604,0.20338153839111328,0.001
0.2330799251794815,0.20367079973220825,0.001
0.23284128308296204,0.2034732699394226,0.001
0.2327369749546051,0.2031465768814087,0.001
0.23257024586200714,0.20297914743423462,0.001
0.23241613805294037,0.20284627377986908,0.001
0.23232696950435638,0.20275020599365234,0.001
0.23219919204711914,0.20277011394500732,0.001
0.23205792903900146,0.20280970633029938,0.001
0.23195064067840576,0.20298324525356293,0.001
0.23184680938720703,0.20283101499080658,0.001
0.2316773384809494,0.20258760452270508,0.001
0.23154766857624054,0.20265616476535797,0.001
0.231472909450531,0.20254036784172058,0.001
0.23131470382213593,0.20229962468147278,0.001
0.2312227040529251,0.2020699381828308,0.001
0.23108690977096558,0.20186497271060944,0.001
0.23099491000175476,0.20153293013572693,0.001
0.23095662891864777,0.20183438062667847,0.001
0.23067745566368103,0.20149090886116028,0.001
0.23062250018119812,0.20142926275730133,0.001
0.23046977818012238,0.20122791826725006,0.001
0.23035778105258942,0.20123319327831268,0.001
0.23040153086185455,0.2014269232749939,0.001
0.2301160991191864,0.2011135220527649,0.001
0.22996480762958527,0.20082490146160126,0.001
0.2299606204032898,0.20081135630607605,0.001
0.22977061569690704,0.20085422694683075,0.001
0.22955824434757233,0.20111574232578278,0.001
0.22980165481567383,0.20124448835849762,0.001
0.2296506017446518,0.20067982375621796,0.001
0.22927924990653992,0.20077960193157196,0.001
0.22913259267807007,0.20061855018138885,0.001
0.22904007136821747,0.20062142610549927,0.001
0.2290741503238678,0.2006457895040512,0.001
0.22890032827854156,0.20075109601020813,0.001
0.22879624366760254,0.2012319266796112,0.001
0.22867126762866974,0.2008267641067505,0.001
0.22850947082042694,0.2006419152021408,0.001
0.22834815084934235,0.20022906363010406,0.001
0.22830329835414886,0.20014216005802155,0.001
0.22813540697097778,0.20018231868743896,0.001
0.2281341552734375,0.20055437088012695,0.001
0.22806979715824127,0.20022666454315186,0.001
0.22780576348304749,0.20031334459781647,0.001
0.22774776816368103,0.20025482773780823,0.001
0.2276184856891632,0.19984324276447296,0.001
0.22750450670719147,0.19971272349357605,0.001
0.2273557484149933,0.19939355552196503,0.001
0.22727318108081818,0.19927363097667694,0.001
0.22722996771335602,0.19932644069194794,0.001
0.22716286778450012,0.19940121471881866,0.001
0.22691768407821655,0.19894881546497345,0.001
0.22688579559326172,0.19876883924007416,0.001
0.2268206924200058,0.19893190264701843,0.001
0.22663000226020813,0.19896064698696136,0.001
0.22648397088050842,0.19904521107673645,0.001
0.22645221650600433,0.1987951546907425,0.001
0.22639057040214539,0.198568195104599,0.001
0.22619034349918365,0.19829252362251282,0.001
0.2260555773973465,0.19811220467090607,0.001
0.22605682909488678,0.19809165596961975,0.001
0.22595104575157166,0.19824446737766266,0.001
0.22580893337726593,0.19853079319000244,0.001
0.2257220298051834,0.1985694319009781,0.001
0.2256757616996765,0.19852109253406525,0.001
0.2255294919013977,0.19809916615486145,0.001
0.22545112669467926,0.19785934686660767,0.001
0.22543063759803772,0.19754071533679962,0.001
0.225195050239563,0.19772441685199738,0.001
0.22514356672763824,0.19746413826942444,0.001
0.2250097543001175,0.19765527546405792,0.001
0.22499029338359833,0.19739285111427307,0.001
0.224786177277565,0.19767935574054718,0.001
0.22478564083576202,0.1976270079612732,0.001
0.22461697459220886,0.1974380612373352,0.001
0.22452981770038605,0.19714945554733276,0.001
0.2244747430086136,0.19687262177467346,0.001
0.22434508800506592,0.1968688815832138,0.001
0.2242838442325592,0.1972389817237854,0.001
0.22416333854198456,0.1971634179353714,0.001
0.22409677505493164,0.19696635007858276,0.001
0.2240525186061859,0.19696111977100372,0.001
0.2238592952489853,0.1966211050748825,0.001
0.22376792132854462,0.19645433127880096,0.001
0.22369670867919922,0.196405291557312,0.001
0.22356349229812622,0.19644303619861603,0.001
0.2234656810760498,0.19650685787200928,0.001
0.22342444956302643,0.19630272686481476,0.001
0.22351960837841034,0.19674867391586304,0.001
