loss,amplitude_loss,delta_loss,gate_loss,sign_loss,val_loss,val_amplitude_loss,val_delta_loss,val_gate_loss,val_sign_loss,lr
0.4249431788921356,0.0686267763376236,0.12572959065437317,1.0319504737854004,0.1461779773235321,0.3899146616458893,0.05901200696825981,0.10098561644554138,1.004696249961853,0.13908416032791138,0.001
0.36176052689552307,0.05063176155090332,0.08084374666213989,0.9836708307266235,0.13467153906822205,0.33650684356689453,0.0442122183740139,0.06499544531106949,0.9566690921783447,0.12765257060527802,0.001
0.31638991832733154,0.038714807480573654,0.05171308293938637,0.9371563196182251,0.12373896688222885,0.29806703329086304,0.03472127392888069,0.041816726326942444,0.9110336899757385,0.1177072525024414,0.001
0.283695250749588,0.030983947217464447,0.033221978694200516,0.8932685256004333,0.11497844755649567,0.2700047492980957,0.02832908369600773,0.0272014569491148,0.8681684732437134,0.11004134267568588,0.001
0.2599702775478363,0.02574104815721512,0.02182677388191223,0.8528675436973572,0.10873112082481384,0.24975620210170746,0.02405487559735775,0.018477441743016243,0.8293630480766296,0.1048828735947609,0.001
0.24259993433952332,0.02214432694017887,0.015151368454098701,0.8160368800163269,0.10468088835477829,0.23471315205097198,0.021078722551465034,0.013444396667182446,0.7941460013389587,0.10167418420314789,0.001
0.22942329943180084,0.01955241896212101,0.011295540258288383,0.7826701402664185,0.10234420001506805,0.22284391522407532,0.018837381154298782,0.010471849702298641,0.7619215250015259,0.0996786579489708,0.001
0.2188575714826584,0.01756661757826805,0.008984015323221684,0.7524538040161133,0.10086049139499664,0.2130206674337387,0.01712818071246147,0.008567471988499165,0.7325944304466248,0.09849011152982712,0.001
0.2099463790655136,0.016006512567400932,0.007449038792401552,0.7249494791030884,0.09999493509531021,0.20459230244159698,0.015782086178660393,0.007248979993164539,0.7058851718902588,0.09770745784044266,0.001
0.20218932628631592,0.014742988161742687,0.006356958299875259,0.6998273730278015,0.0993984118103981,0.19718731939792633,0.01470999140292406,0.006269997917115688,0.6815051436424255,0.09715257585048676,0.001
0.19535799324512482,0.01377903949469328,0.005519210360944271,0.6769981980323792,0.09896444529294968,0.19058158993721008,0.01385436113923788,0.0054987575858831406,0.6592009663581848,0.09672727435827255,0.001
0.18923316895961761,0.012968422845005989,0.004850635305047035,0.6561108827590942,0.09862983971834183,0.18469925224781036,0.013158554211258888,0.00488282972946763,0.638961672782898,0.09639289230108261,0.001
0.18376341462135315,0.012351716868579388,0.004315378610044718,0.6371060013771057,0.0983193963766098,0.17935393750667572,0.01260822918266058,0.00438189972192049,0.6202656626701355,0.096060611307621,0.001
0.17882119119167328,0.011802098713815212,0.0038855569437146187,0.6197002530097961,0.09804961085319519,0.17453327775001526,0.01213111262768507,0.003969329409301281,0.6032031178474426,0.09579147398471832,0.001
0.17436012625694275,0.011357270181179047,0.003524468746036291,0.6038179993629456,0.09781844913959503,0.17021897435188293,0.011737663298845291,0.00362032069824636,0.5878289937973022,0.09553241729736328,0.001
0.17034950852394104,0.01097775623202324,0.00322578358463943,0.5894331932067871,0.0975816398859024,0.16629818081855774,0.01139543391764164,0.003334971144795418,0.5737307071685791,0.09526792168617249,0.001
0.1667259931564331,0.010655133984982967,0.002977760974317789,0.57633376121521,0.09735021740198135,0.16269025206565857,0.011095106601715088,0.0030946992337703705,0.5606501698493958,0.09502241015434265,0.001
0.16343441605567932,0.010384516790509224,0.002762794028967619,0.5643631219863892,0.09714863449335098,0.1594562828540802,0.010839149355888367,0.0028799374122172594,0.5489027500152588,0.09481193125247955,0.001
0.1604536771774292,0.010124780237674713,0.002574702724814415,0.5535056591033936,0.09697914123535156,0.15651960670948029,0.010595831088721752,0.0026948817539960146,0.538212776184082,0.09461493790149689,0.001
0.15773896872997284,0.009892363101243973,0.0024186945520341396,0.5435781478881836,0.09678095579147339,0.15382656455039978,0.0103719187900424,0.002541592810302973,0.5283659100532532,0.09439713507890701,0.001
0.1552821397781372,0.009652472101151943,0.0022931727580726147,0.5345757007598877,0.09658123552799225,0.15137341618537903,0.010137871839106083,0.0024158095475286245,0.5193880200386047,0.09417709708213806,0.001
0.15304750204086304,0.009446795098483562,0.0021725944243371487,0.5263861417770386,0.09642019122838974,0.14913199841976166,0.009936771355569363,0.0022899762261658907,0.5111953616142273,0.09400632977485657,0.001
0.15100638568401337,0.009245448745787144,0.0020713338162750006,0.5188897848129272,0.09626291692256927,0.14708124101161957,0.00972996186465025,0.002185290679335594,0.503685474395752,0.0938413217663765,0.001
0.14913897216320038,0.009044148027896881,0.001982115674763918,0.5120415091514587,0.09611089527606964,0.14520996809005737,0.00952676497399807,0.0020930026657879353,0.49684691429138184,0.0936741754412651,0.001
0.14743240177631378,0.00885486789047718,0.00190120714250952,0.5057787299156189,0.09597797691822052,0.1434493362903595,0.00933055579662323,0.002004725858569145,0.4904007613658905,0.0935482308268547,0.001
0.14586012065410614,0.008667339570820332,0.0018249371787533164,0.5000233054161072,0.0958675816655159,0.14185507595539093,0.009141608141362667,0.001929315272718668,0.4845866560935974,0.09338730573654175,0.001
0.14442364871501923,0.008482690900564194,0.0017634902615100145,0.49476826190948486,0.09572845697402954,0.14038881659507751,0.008950463496148586,0.0018623324576765299,0.4792447090148926,0.09324325621128082,0.001
0.14311103522777557,0.008302650414407253,0.0017048283480107784,0.48997950553894043,0.0956139862537384,0.1390390247106552,0.00875837728381157,0.0018004926387220621,0.4743419885635376,0.09311456978321075,0.001
0.14189592003822327,0.008116344921290874,0.0016546290135011077,0.48555871844291687,0.09549257904291153,0.13778990507125854,0.008567791432142258,0.0017485423013567924,0.4698081314563751,0.0929759219288826,0.001
0.14077259600162506,0.007914082147181034,0.0016138219507411122,0.48147910833358765,0.09538588672876358,0.13662923872470856,0.008332968689501286,0.0017025622073560953,0.4656447768211365,0.0928516611456871,0.001
0.13974207639694214,0.007715288549661636,0.0015744520351290703,0.4777708947658539,0.09526727348566055,0.13555145263671875,0.008131093345582485,0.0016609918093308806,0.4617764353752136,0.09270290285348892,0.001
0.13878832757472992,0.007527750451117754,0.0015388805186375976,0.4743346571922302,0.09515830129384995,0.13454453647136688,0.007929927669465542,0.0016186959110200405,0.4581606388092041,0.09260796755552292,0.001
0.1379109025001526,0.007340485695749521,0.0014969527255743742,0.4711867570877075,0.09512557834386826,0.13362975418567657,0.007736786734312773,0.0015751533210277557,0.4549078643321991,0.0925227478146553,0.001
0.13709521293640137,0.0071586319245398045,0.0014701982727274299,0.4682862460613251,0.09498123824596405,0.1327614188194275,0.007549467496573925,0.0015468348283320665,0.4518129825592041,0.09237194806337357,0.001
0.13634277880191803,0.006953309290111065,0.0014494556235149503,0.4656180143356323,0.09487679600715637,0.13195273280143738,0.007308227475732565,0.001521989470347762,0.44896769523620605,0.09227649867534637,0.001
0.13564714789390564,0.0067480141296982765,0.0014239101437851787,0.46317076683044434,0.09481608122587204,0.13121357560157776,0.0070872921496629715,0.0014917498920112848,0.4463977813720703,0.09219064563512802,0.001
0.13499963283538818,0.006553772836923599,0.0014010774902999401,0.46091169118881226,0.09472860395908356,0.1305169314146042,0.006890199612826109,0.0014645375777035952,0.4439661502838135,0.09209461510181427,0.001
0.1343960016965866,0.006368935573846102,0.0013771356316283345,0.4588082432746887,0.09466394782066345,0.12985660135746002,0.006691054441034794,0.001437820610590279,0.4416663348674774,0.0920223817229271,0.001
0.13383646309375763,0.006175370886921883,0.0013557254569604993,0.4568776488304138,0.09460634738206863,0.12924325466156006,0.006476612761616707,0.001416656537912786,0.4395609498023987,0.0919322595000267,0.001
0.13331341743469238,0.005983856972306967,0.001340961898677051,0.4550820291042328,0.0945192202925682,0.12867918610572815,0.006273409351706505,0.0013968932908028364,0.4376358091831207,0.09184268862009048,0.001
0.13282032310962677,0.005794754717499018,0.00131783087272197,0.45340901613235474,0.09448601305484772,0.1281438171863556,0.006066289264708757,0.0013714859960600734,0.4358264207839966,0.09179998934268951,0.001
0.13236039876937866,0.005612992215901613,0.0013042958453297615,0.4518526792526245,0.09440098702907562,0.12762612104415894,0.0058669219724833965,0.001357699977234006,0.4340728223323822,0.09168842434883118,0.001
0.13192863762378693,0.0054305545054376125,0.0012933871475979686,0.4503976106643677,0.09431589394807816,0.1271536499261856,0.005680915899574757,0.0013423091731965542,0.432483971118927,0.09159260243177414,0.001
0.1315341293811798,0.005257823970168829,0.001283220131881535,0.44907647371292114,0.09423957765102386,0.12670564651489258,0.005473094526678324,0.0013293399242684245,0.4310021996498108,0.09150668233633041,0.001
0.13115209341049194,0.00507320836186409,0.0012633353471755981,0.44782572984695435,0.09421724081039429,0.12629052996635437,0.005290774628520012,0.0013046521926298738,0.42962971329689026,0.09149368107318878,0.001
0.1308019608259201,0.004905152600258589,0.0012481150915846229,0.4466823637485504,0.09416823834180832,0.12589235603809357,0.005109136458486319,0.001290175598114729,0.4283226728439331,0.09141495078802109,0.001
0.13047358393669128,0.004741115495562553,0.0012377030216157436,0.44560301303863525,0.09411843121051788,0.1255197674036026,0.004912316799163818,0.0012810128973796964,0.4271223247051239,0.09132064878940582,0.001
0.13015925884246826,0.0045676399022340775,0.0012305653654038906,0.44460389018058777,0.09402395784854889,0.12516231834888458,0.0047513628378510475,0.0012681944062933326,0.4259554147720337,0.09123486280441284,0.001
0.12986576557159424,0.004410678520798683,0.0012203125515952706,0.443666011095047,0.09396086633205414,0.12482941895723343,0.004578613210469484,0.0012544177006930113,0.42489004135131836,0.09117140620946884,0.001
0.12959665060043335,0.004252375569194555,0.0012095012934878469,0.4428180456161499,0.09391289204359055,0.12450461089611053,0.0044147600419819355,0.0012425828026607633,0.4238451421260834,0.09109675884246826,0.001
0.1293376237154007,0.004095273558050394,0.0011977868853136897,0.4420182704925537,0.0938681811094284,0.12421131134033203,0.004227510187774897,0.0012309427838772535,0.42295172810554504,0.09103185683488846,0.001
0.12908890843391418,0.003937280736863613,0.0011964793084189296,0.44125235080718994,0.09376505017280579,0.12393549829721451,0.004058508202433586,0.0012245798716321588,0.4221078157424927,0.09092950075864792,0.001
0.12885195016860962,0.003782527754083276,0.0011890659807249904,0.4405214190483093,0.09371161460876465,0.12365555018186569,0.0038954552728682756,0.0012164225336164236,0.4212222397327423,0.09086531400680542,0.001
0.1286264806985855,0.0036388945300132036,0.0011727933306246996,0.43983161449432373,0.09370797872543335,0.12340612709522247,0.0037524071522057056,0.0011978601105511189,0.42045602202415466,0.09084692597389221,0.001
0.1284174919128418,0.0034986345563083887,0.0011676058638840914,0.4392220973968506,0.0936097502708435,0.12316533178091049,0.003599873511120677,0.001196786412037909,0.4197486937046051,0.090691477060318,0.001
0.12820884585380554,0.003360713366419077,0.0011685192584991455,0.4385928511619568,0.09349599480628967,0.1229228600859642,0.0034549643751233816,0.001190180890262127,0.41900479793548584,0.090601846575737,0.001
0.12802113592624664,0.0032317147124558687,0.0011597751872614026,0.43803900480270386,0.09344642609357834,0.1227109283208847,0.003308583050966263,0.0011818564962595701,0.4183846116065979,0.0905301496386528,0.001
0.12783975899219513,0.0031032413244247437,0.001151742530055344,0.4375196397304535,0.09337683022022247,0.12250729650259018,0.0031898741144686937,0.001170055358670652,0.41778865456581116,0.09045043587684631,0.001
0.12770144641399384,0.0030159433372318745,0.0011475520441308618,0.4371115267276764,0.09331512451171875,0.12240354716777802,0.003122558817267418,0.0011667662765830755,0.4174821674823761,0.09040699154138565,0.0005
0.12761403620243073,0.0029559640679508448,0.0011471199104562402,0.4368573725223541,0.09326060116291046,0.12229499965906143,0.0030599008314311504,0.0011662474134936929,0.41715356707572937,0.09034039080142975,0.0005
0.12752579152584076,0.002895055338740349,0.001146178226917982,0.43659859895706177,0.09321372210979462,0.12219533324241638,0.0029945846181362867,0.001162906875833869,0.41686296463012695,0.09029442071914673,0.0005
0.12744663655757904,0.002834876300767064,0.0011437240755185485,0.4363752007484436,0.09317749738693237,0.12209606170654297,0.0029277673456817865,0.0011598842684179544,0.4165736138820648,0.09025020152330399,0.0005
0.12735827267169952,0.0027738187927752733,0.001142582856118679,0.43611979484558105,0.09312719851732254,0.12199647724628448,0.0028651023749262094,0.0011575155658647418,0.4162829518318176,0.09019063413143158,0.0005
0.12727859616279602,0.0027182449121028185,0.0011344702215865254,0.43589267134666443,0.09312044829130173,0.12190723419189453,0.0028093080036342144,0.0011482361005619168,0.4160224199295044,0.09018318355083466,0.0005
0.12719810009002686,0.0026656470727175474,0.0011321994243189692,0.4356611371040344,0.09307017177343369,0.12180899828672409,0.0027512372471392155,0.001147387782111764,0.41573113203048706,0.09011364728212357,0.0005
0.12711693346500397,0.0026133214123547077,0.0011318647302687168,0.4354206919670105,0.09301649779081345,0.12171913683414459,0.0026962244883179665,0.0011448109289631248,0.4154726564884186,0.09005308896303177,0.0005
0.1270425170660019,0.002560727996751666,0.00112547364551574,0.4352162778377533,0.0929911658167839,0.1216331347823143,0.0026423828676342964,0.0011353734880685806,0.4152221977710724,0.090049609541893,0.0005
0.12696421146392822,0.002511214232072234,0.0011200212175026536,0.43498510122299194,0.09296929091215134,0.12153693288564682,0.0025897659361362457,0.0011312622809782624,0.4149291217327118,0.09000729024410248,0.0005
0.12688931822776794,0.002460863208398223,0.0011191631201654673,0.4347721338272095,0.09291274845600128,0.12144659459590912,0.0025398703292012215,0.0011304670479148626,0.4146667420864105,0.08992944657802582,0.0005
0.12682704627513885,0.002424292964860797,0.0011176704429090023,0.43459218740463257,0.09286876022815704,0.12140639126300812,0.002512639621272683,0.0011282311752438545,0.4145572781562805,0.08990491926670074,0.00025
0.126789391040802,0.002399718388915062,0.001116974395699799,0.4344852566719055,0.09284160286188126,0.12136226147413254,0.0024858866818249226,0.0011271985713392496,0.4144315719604492,0.0898713618516922,0.00025
0.12675192952156067,0.002373908646404743,0.0011156471446156502,0.4343791902065277,0.09281893819570541,0.12131792306900024,0.002460227580741048,0.0011249093804508448,0.41429993510246277,0.08985179662704468,0.00025
0.12671422958374023,0.002348728245124221,0.0011131672654300928,0.43427228927612305,0.09280355274677277,0.12127429246902466,0.002433030167594552,0.0011222377652302384,0.4141741394996643,0.08983295410871506,0.00025
0.12667758762836456,0.0023238910362124443,0.0011132837971672416,0.43416866660118103,0.09277255833148956,0.12123125046491623,0.0024050327483564615,0.00112266861833632,0.41405540704727173,0.08978778123855591,0.00025
0.12664104998111725,0.0022982482332736254,0.001110484474338591,0.43406975269317627,0.09275553375482559,0.12118939310312271,0.002379600191488862,0.001118771848268807,0.41393589973449707,0.08977645635604858,0.00025
0.1266021579504013,0.0022736634127795696,0.0011089785257354379,0.4339573383331299,0.09273354709148407,0.12114331871271133,0.002353255171328783,0.0011179582215845585,0.4138030707836151,0.08973871916532516,0.00025
0.12656593322753906,0.0022473575081676245,0.0011089659528806806,0.4338585138320923,0.09269917011260986,0.12109987437725067,0.002325768582522869,0.001116428175009787,0.4136790335178375,0.0897115096449852,0.00025
0.12652646005153656,0.0022223524283617735,0.0011091791093349457,0.4337480962276459,0.0926615446805954,0.12105736136436462,0.002300586085766554,0.0011169333010911942,0.41356343030929565,0.08966006338596344,0.00025
0.1264888495206833,0.0021966651547700167,0.0011084009893238544,0.43364351987838745,0.09263236075639725,0.121010921895504,0.002272150246426463,0.0011151208309456706,0.4134291708469391,0.08963291347026825,0.00025
0.12645851075649261,0.0021770084276795387,0.0011086189188063145,0.43355754017829895,0.0926048532128334,0.12098845094442368,0.0022581631783396006,0.001115133287385106,0.41336724162101746,0.08960976451635361,0.000125
0.1264389157295227,0.0021639917977154255,0.0011075815418735147,0.433504581451416,0.09259208291769028,0.12096947431564331,0.0022444536443799734,0.001113992533646524,0.41331881284713745,0.08959546685218811,0.000125
0.126421719789505,0.002151092514395714,0.001106755924411118,0.4334612786769867,0.09257762879133224,0.12094835191965103,0.0022313722874969244,0.0011126067256554961,0.41326117515563965,0.08958232402801514,0.000125
0.12640143930912018,0.002138171810656786,0.0011070356704294682,0.433401495218277,0.09256047755479813,0.12092316895723343,0.0022170208394527435,0.001113124075345695,0.4131868779659271,0.08955761790275574,0.000125
0.12638245522975922,0.002124960534274578,0.001104569062590599,0.433349072933197,0.09256032854318619,0.12090254575014114,0.0022028828971087933,0.0011100249830633402,0.4131301939487457,0.08955956250429153,0.000125
0.12636098265647888,0.0021115364506840706,0.0011037569493055344,0.43328943848609924,0.09254438430070877,0.12088010460138321,0.0021902411244809628,0.0011092189233750105,0.4130665957927704,0.08954222500324249,0.000125
0.12634257972240448,0.002098672091960907,0.0011034579947590828,0.43324020504951477,0.09252750873565674,0.12085715681314468,0.002175776055082679,0.0011084560537710786,0.41300293803215027,0.0895247608423233,0.000125
0.12632158398628235,0.0020848182030022144,0.0011022643884643912,0.4331814646720886,0.09251642972230911,0.12083490937948227,0.0021607307717204094,0.0011070912005379796,0.41294145584106445,0.0895133838057518,0.000125
0.12630225718021393,0.0020709687378257513,0.0011016388889402151,0.43312981724739075,0.09250142425298691,0.12081316113471985,0.0021468738559633493,0.0011063151760026813,0.41288354992866516,0.0894940048456192,0.000125
0.12628208100795746,0.002057612407952547,0.001101166708394885,0.43307483196258545,0.09248454868793488,0.12079139053821564,0.002132356632500887,0.0011058676755055785,0.41282564401626587,0.08947310596704483,0.000125
0.1262667179107666,0.0020473122131079435,0.0011009640293195844,0.43303313851356506,0.09247065335512161,0.12077949941158295,0.002124783815816045,0.0011056619696319103,0.412792444229126,0.08946304023265839,6.25e-05
0.12625712156295776,0.0020402041263878345,0.0011010835878551006,0.4330069124698639,0.09246092289686203,0.12076721340417862,0.0021177392918616533,0.0011055831564590335,0.41275712847709656,0.08945196866989136,6.25e-05
0.12624643743038177,0.002033466240391135,0.001100986497476697,0.4329773783683777,0.09245114028453827,0.12075544148683548,0.0021101462189108133,0.001105203409679234,0.4127250611782074,0.0894424170255661,6.25e-05
0.12623651325702667,0.0020262545440346003,0.0010999278165400028,0.4329512417316437,0.09244761615991592,0.12074405699968338,0.0021026087924838066,0.0011039332021027803,0.41269412636756897,0.08943945169448853,6.25e-05
0.12622569501399994,0.002019081497564912,0.001099807908758521,0.4329216778278351,0.09243827313184738,0.12073294818401337,0.0020951256155967712,0.0011037879157811403,0.41266563534736633,0.08942677825689316,6.25e-05
0.1262148767709732,0.0020119349937886,0.001099384855479002,0.43289241194725037,0.09242980182170868,0.12072093039751053,0.0020877374336123466,0.0011032142210751772,0.4126319885253906,0.08941882103681564,6.25e-05
0.12620455026626587,0.0020046953577548265,0.0010991903254762292,0.4328644573688507,0.09242084622383118,0.12070794403553009,0.0020794514566659927,0.0011030962923541665,0.4125959575176239,0.08940703421831131,6.25e-05
0.12619394063949585,0.001997219165787101,0.001098942942917347,0.43283554911613464,0.0924123078584671,0.12069560587406158,0.002072307514026761,0.0011029195738956332,0.4125618040561676,0.08939483761787415,6.25e-05
0.1261833906173706,0.0019901355262845755,0.001098977169021964,0.4328072667121887,0.09240108728408813,0.12068365514278412,0.0020642580930143595,0.0011023106053471565,0.4125302731990814,0.089385487139225,6.25e-05
0.12617237865924835,0.0019824951887130737,0.0010983585380017757,0.4327782988548279,0.0923931896686554,0.12067141383886337,0.002056746743619442,0.0011016253847628832,0.4124966561794281,0.08937733620405197,6.25e-05
0.12616373598575592,0.001976835075765848,0.0010979748331010342,0.43275442719459534,0.09238748252391815,0.12066541612148285,0.002052594441920519,0.001101355766877532,0.4124807119369507,0.08937276154756546,3.125e-05
0.12615834176540375,0.001973017817363143,0.0010974961332976818,0.43274009227752686,0.09238506853580475,0.12065934389829636,0.0020484484266489744,0.0011008244473487139,0.41246452927589417,0.08936995267868042,3.125e-05
0.12615276873111725,0.001969130476936698,0.0010972176678478718,0.43272534012794495,0.09238100051879883,0.12065314501523972,0.0020444265101104975,0.0011004997650161386,0.41244786977767944,0.08936545997858047,3.125e-05
0.12614719569683075,0.001965200761333108,0.0010969656286761165,0.43271052837371826,0.09237708151340485,0.12064656615257263,0.0020403859671205282,0.0011002601822838187,0.4124295711517334,0.08936043083667755,3.125e-05
0.12614157795906067,0.001961314119398594,0.0010970449075102806,0.432695597410202,0.09237051010131836,0.12064018845558167,0.002036358928307891,0.0011003168765455484,0.41241297125816345,0.08935214579105377,3.125e-05
0.12613597512245178,0.0019574230536818504,0.0010970503790304065,0.4326808452606201,0.09236440807580948,0.12063352763652802,0.002032174961641431,0.0011001434177160263,0.41239506006240845,0.08934596925973892,3.125e-05
0.12612996995449066,0.0019534165039658546,0.0010969080030918121,0.4326643645763397,0.0923594981431961,0.12062663584947586,0.0020278713200241327,0.0010999232763424516,0.4123755991458893,0.08934095501899719,3.125e-05
0.12612445652484894,0.0019493423169478774,0.0010966658592224121,0.4326501488685608,0.09235505014657974,0.1206202358007431,0.0020233578979969025,0.0010995432967320085,0.4123592972755432,0.08933594822883606,3.125e-05
0.1261189579963684,0.0019451640546321869,0.0010963261593133211,0.43263596296310425,0.09235138446092606,0.12061306089162827,0.0020193771924823523,0.0010992164025083184,0.4123387038707733,0.08933109790086746,3.125e-05
0.12611331045627594,0.0019411761313676834,0.0010957769118249416,0.43262115120887756,0.0923490896821022,0.12060731649398804,0.0020147766917943954,0.0010986243141815066,0.4123248755931854,0.0893280878663063,3.125e-05
0.12610818445682526,0.0019378768047317863,0.0010957908816635609,0.432607501745224,0.09234336763620377,0.12060410529375076,0.002012534998357296,0.0010986818233504891,0.41231685876846313,0.0893235057592392,1.5625e-05
0.1261051595211029,0.0019357481505721807,0.0010957142803817987,0.4325994551181793,0.09234080463647842,0.12060044705867767,0.002010233700275421,0.0010985539993271232,0.4123067557811737,0.0893206000328064,1.5625e-05
0.12610214948654175,0.0019335641991347075,0.001095668296329677,0.43259158730506897,0.09233775734901428,0.12059710919857025,0.002007968258112669,0.0010984059190377593,0.4122982621192932,0.08931755274534225,1.5625e-05
0.1260991245508194,0.001931427395902574,0.0010957935592159629,0.43258339166641235,0.09233394265174866,0.12059338390827179,0.0020057407673448324,0.0010984883410856128,0.4122883975505829,0.08931244909763336,1.5625e-05
0.12609611451625824,0.0019291889620944858,0.0010954405879601836,0.43257585167884827,0.0923328846693039,0.12059002369642258,0.0020033721812069416,0.0010980601655319333,0.4122794270515442,0.08931194245815277,1.5625e-05
0.1260928511619568,0.001926972297951579,0.0010953852906823158,0.4325672388076782,0.09232954680919647,0.12058654427528381,0.0020009547006338835,0.0010979727376252413,0.41227057576179504,0.0893082544207573,1.5625e-05
0.12608975172042847,0.0019246396841481328,0.001095141051337123,0.43255946040153503,0.09232786297798157,0.12058316916227341,0.0019985896069556475,0.0010977338533848524,0.4122619926929474,0.08930577337741852,1.5625e-05
0.12608657777309418,0.001922421157360077,0.0010950204450637102,0.4325510561466217,0.09232508391141891,0.12057944387197495,0.001996205421164632,0.0010975463083013892,0.4122518301010132,0.08930309861898422,1.5625e-05
0.12608331441879272,0.0019201424438506365,0.0010950712021440268,0.4325424134731293,0.09232134371995926,0.12057600170373917,0.00199368828907609,0.001097472500987351,0.4122436046600342,0.08929883688688278,1.5625e-05
0.12608017027378082,0.0019177664071321487,0.0010951515287160873,0.43253451585769653,0.09231721609830856,0.12057238817214966,0.001991316443309188,0.0010975111508741975,0.412234365940094,0.08929409086704254,1.5625e-05
0.12607738375663757,0.001915832981467247,0.0010949937859550118,0.43252745270729065,0.0923149436712265,0.120570108294487,0.00198976113460958,0.0010974099859595299,0.412228524684906,0.089292012155056,1e-05
0.12607526779174805,0.0019143236568197608,0.0010950248688459396,0.4325219392776489,0.09231249988079071,0.12056771665811539,0.0019880994223058224,0.001097409869544208,0.41222241520881653,0.08928914368152618,1e-05
0.1260731965303421,0.001912756240926683,0.0010948966955766082,0.4325166344642639,0.09231092780828476,0.12056523561477661,0.0019865338690578938,0.0010972135933116078,0.4122156500816345,0.08928785473108292,1e-05
0.1260710060596466,0.001911151921376586,0.0010948698036372662,0.43251097202301025,0.09230881929397583,0.12056274712085724,0.001984646078199148,0.001097154221497476,0.4122093617916107,0.08928533643484116,1e-05
0.12606893479824066,0.0019094593590125442,0.0010948549024760723,0.4325057566165924,0.09230662882328033,0.12056010961532593,0.0019830341916531324,0.0010971262818202376,0.41220229864120483,0.08928251266479492,1e-05
0.12606677412986755,0.0019078593468293548,0.0010947778355330229,0.43250036239624023,0.09230462461709976,0.12055779993534088,0.0019811398815363646,0.00109698879532516,0.41219669580459595,0.08928070217370987,1e-05
0.12606461346149445,0.001906167482957244,0.0010945802787318826,0.4324948489665985,0.09230358898639679,0.12055537104606628,0.0019794930703938007,0.0010967192938551307,0.41219037771224976,0.0892796665430069,1e-05
0.12606240808963776,0.001904563861899078,0.0010944419773295522,0.43248921632766724,0.09230189025402069,0.12055298686027527,0.0019778909627348185,0.001096643740311265,0.41218429803848267,0.08927713334560394,1e-05
0.12606021761894226,0.0019029977265745401,0.0010944550158455968,0.43248361349105835,0.09229934215545654,0.12055041640996933,0.001976067665964365,0.0010965958936139941,0.4121777415275574,0.08927441388368607,1e-05
0.12605808675289154,0.001901309471577406,0.0010942904045805335,0.4324781894683838,0.09229807555675507,0.12054799497127533,0.001974250888451934,0.001096365973353386,0.4121716022491455,0.08927321434020996,1e-05
0.12605580687522888,0.0018996010767295957,0.001094259088858962,0.4324724078178406,0.09229554980993271,0.1205451563000679,0.0019725938327610493,0.0010963644599542022,0.4121638238430023,0.08927007764577866,1e-05
0.126053586602211,0.001897928537800908,0.0010942277731373906,0.4324668049812317,0.09229323267936707,0.12054267525672913,0.001970838289707899,0.001096311374567449,0.4121575951576233,0.0892672911286354,1e-05
0.12605156004428864,0.0018962136236950755,0.0010942468652501702,0.4324621856212616,0.09229043126106262,0.12054020166397095,0.001969007309526205,0.0010963035747408867,0.4121517837047577,0.089263916015625,1e-05
0.12604908645153046,0.0018944814801216125,0.00109420670196414,0.43245550990104675,0.09228823333978653,0.12053729593753815,0.0019671141635626554,0.001096125808544457,0.4121437072753906,0.08926229178905487,1e-05
0.12604667246341705,0.0018927253549918532,0.0010940860956907272,0.43244943022727966,0.09228628873825073,0.12053468823432922,0.0019652608316391706,0.0010960627114400268,0.4121372103691101,0.08925940096378326,1e-05
0.1260443925857544,0.0018909376813098788,0.0010940841166302562,0.4324437081813812,0.09228374063968658,0.12053196877241135,0.0019633860792964697,0.0010959176579490304,0.41213029623031616,0.08925706893205643,1e-05
0.1260422170162201,0.0018891417421400547,0.0010942413937300444,0.4324379861354828,0.09228064119815826,0.12052910029888153,0.001961539499461651,0.0010960556101053953,0.4121229648590088,0.08925243467092514,1e-05
0.12603971362113953,0.0018873617518693209,0.0010939380154013634,0.4324319660663605,0.09227925539016724,0.12052641063928604,0.001959588611498475,0.0010957173071801662,0.4121159613132477,0.08925169706344604,1e-05
0.12603746354579926,0.0018855310045182705,0.0010939858620986342,0.43242669105529785,0.09227600693702698,0.12052413076162338,0.0019578272476792336,0.0010956896003335714,0.41211116313934326,0.0892479345202446,1e-05
0.12603481113910675,0.0018836971139535308,0.0010939390631392598,0.43241986632347107,0.09227346628904343,0.12052089720964432,0.001955660991370678,0.001095724175684154,0.41210228204727173,0.08924461156129837,1e-05
0.12603244185447693,0.0018817775417119265,0.0010939107742160559,0.43241414427757263,0.09227070957422256,0.12051831185817719,0.001953737810254097,0.0010955646866932511,0.4120963513851166,0.0892418697476387,1e-05
0.1260301023721695,0.0018798476085066795,0.0010936117032542825,0.43240809440612793,0.09227035194635391,0.12051528692245483,0.001951648504473269,0.001095225685276091,0.41208797693252563,0.08924141526222229,1e-05
0.12602747976779938,0.0018779028905555606,0.0010935477912425995,0.4324016571044922,0.09226753562688828,0.12051267176866531,0.001949709141626954,0.0010951125295832753,0.4120817482471466,0.08923850208520889,1e-05
0.1260250359773636,0.0018759502563625574,0.0010933451121672988,0.4323958158493042,0.09226591140031815,0.1205097883939743,0.0019476384622976184,0.0010949419811367989,0.4120745062828064,0.08923614770174026,1e-05
0.12602247297763824,0.0018739952938631177,0.0010933136800304055,0.43238940834999084,0.09226308017969131,0.12050706893205643,0.0019455121364444494,0.0010948731796815991,0.4120679795742035,0.08923313766717911,1e-05
0.12602005898952484,0.0018719733925536275,0.0010932676959782839,0.43238335847854614,0.09226063638925552,0.12050405144691467,0.00194328255020082,0.0010946979746222496,0.41206011176109314,0.08923105895519257,1e-05
0.1260174959897995,0.0018699190113693476,0.0010930619901046157,0.4323771893978119,0.09225907176733017,0.12050116062164307,0.0019412514520809054,0.001094522187486291,0.4120529294013977,0.089228555560112,1e-05
0.12601494789123535,0.001867917599156499,0.0010930896969512105,0.4323708117008209,0.09225578606128693,0.1204981878399849,0.00193913618568331,0.0010944565292447805,0.4120456576347351,0.08922503888607025,1e-05
0.12601245939731598,0.0018658650806173682,0.001092933351173997,0.4323650896549225,0.09225355088710785,0.12049529701471329,0.0019370688823983073,0.0010942395310848951,0.4120384454727173,0.08922286331653595,1e-05
0.12600991129875183,0.0018638437613844872,0.0010928630363196135,0.4323585331439972,0.09225117415189743,0.12049227207899094,0.0019347999477759004,0.001094206003472209,0.412030965089798,0.08921922743320465,1e-05
0.1260073482990265,0.001861763303168118,0.0010926835238933563,0.4323523938655853,0.0922490581870079,0.12048938870429993,0.0019327481277287006,0.001093859551474452,0.41202375292778015,0.08921796828508377,1e-05
